district_id,year,export_crop_area_pct,subsistence_area_pct,avg_holding_size_ha,export_volume_ratio,commercialization_score
1,2014,12.88,87.12,0.8,2.8,10.79
1,2015,11.21,88.79,0.81,3.04,10.25
1,2016,18.99,81.01,0.82,5.03,14.02
1,2017,15.91,84.09,0.83,5.04,12.85
1,2018,16.51,83.49,0.84,4.94,13.13
1,2019,18.39,81.61,0.85,6.49,14.4
1,2020,18.07,81.93,0.86,4.51,13.74
1,2021,11.54,88.46,0.87,3.82,10.99
1,2022,13.41,86.59,0.88,3.55,11.71
1,2023,10.11,89.89,0.89,2.06,10.01
1,2024,11.95,88.05,0.9,3.57,11.26
2,2014,9.43,90.57,0.86,3.38,9.97
2,2015,11.16,88.84,0.88,3.49,10.77
2,2016,14.74,85.26,0.89,4.15,12.46
2,2017,15.74,84.26,0.9,4.1,12.91
2,2018,14.27,85.73,0.91,4.62,12.55
2,2019,14.58,85.42,0.92,4.62,12.74
2,2020,10.15,89.85,0.93,2.54,10.41
2,2021,14.6,85.4,0.94,4.32,12.79
2,2022,15.0,85.0,0.95,4.16,12.97
2,2023,6.49,93.51,0.96,1.52,8.84
2,2024,12.9,87.1,0.98,4.23,12.28
3,2014,13.31,86.69,0.89,4.03,11.89
3,2015,8.39,91.61,0.9,1.61,9.26
3,2016,11.97,88.03,0.92,2.95,11.17
3,2017,15.98,84.02,0.93,3.6,13.03
3,2018,12.9,87.1,0.94,3.84,11.94
3,2019,11.94,88.06,0.95,3.17,11.43
3,2020,12.35,87.65,0.96,2.52,11.46
3,2021,12.7,87.3,0.97,4.41,12.24
3,2022,15.99,84.01,0.98,4.91,13.77
3,2023,8.25,91.75,1.0,3.99,10.47
3,2024,11.63,88.37,1.01,3.77,11.83
4,2014,13.82,86.18,1.13,4.89,13.76
4,2015,9.98,90.02,1.14,3.64,11.94
4,2016,16.99,83.01,1.16,3.77,14.87
4,2017,11.93,88.07,1.17,3.97,12.99
4,2018,16.13,83.87,1.19,5.53,15.22
4,2019,15.14,84.86,1.2,2.99,14.15
4,2020,11.93,88.07,1.21,2.84,12.91
4,2021,10.58,89.42,1.23,2.4,12.33
4,2022,14.28,85.72,1.24,3.14,14.12
4,2023,13.51,86.49,1.26,2.68,13.75
4,2024,15.94,84.06,1.27,3.86,15.16
5,2014,10.56,89.44,1.03,2.37,11.14
5,2015,11.85,88.15,1.05,2.63,11.81
5,2016,12.07,87.93,1.06,1.97,11.78
5,2017,18.11,81.89,1.07,5.06,15.2
5,2018,12.03,87.97,1.09,4.05,12.55
5,2019,15.78,84.22,1.1,3.69,14.02
5,2020,14.54,85.46,1.11,3.33,13.49
5,2021,16.31,83.69,1.13,6.25,15.15
5,2022,12.17,87.83,1.14,2.79,12.54
5,2023,11.1,88.9,1.15,2.33,12.05
5,2024,9.97,90.03,1.17,2.02,11.59
6,2014,17.27,82.73,1.08,5.38,15.01
6,2015,13.33,86.67,1.09,2.4,12.62
6,2016,14.53,85.47,1.11,4.88,13.93
6,2017,14.59,85.41,1.12,3.74,13.69
6,2018,13.37,86.63,1.14,3.78,13.3
6,2019,11.51,88.49,1.15,3.15,12.45
6,2020,17.9,82.1,1.16,8.23,16.61
6,2021,12.75,87.25,1.18,3.19,13.12
6,2022,16.03,83.97,1.19,6.42,15.49
6,2023,15.17,84.83,1.21,3.91,14.47
6,2024,16.64,83.36,1.22,4.45,15.3
7,2014,14.68,85.32,0.83,4.26,12.11
7,2015,12.86,87.14,0.84,3.4,11.19
7,2016,17.61,82.39,0.85,3.74,13.26
7,2017,14.61,85.39,0.86,4.3,12.29
7,2018,16.77,83.23,0.87,8.23,14.39
7,2019,12.31,87.69,0.88,3.59,11.28
7,2020,11.98,88.02,0.89,2.57,10.9
7,2021,9.75,90.25,0.9,1.99,9.91
7,2022,14.13,85.87,0.91,4.72,12.54
7,2023,13.71,86.29,0.92,4.16,12.27
7,2024,15.7,84.3,0.93,4.9,13.35
8,2014,12.4,87.6,0.89,3.81,11.46
8,2015,19.29,80.71,0.9,4.22,14.41
8,2016,18.43,81.57,0.92,4.75,14.29
8,2017,14.2,85.8,0.93,4.32,12.54
8,2018,11.77,88.23,0.94,2.75,11.16
8,2019,11.39,88.61,0.95,3.24,11.23
8,2020,12.01,87.99,0.96,3.13,11.51
8,2021,13.83,86.17,0.97,4.78,12.8
8,2022,18.47,81.53,0.98,5.96,15.08
8,2023,16.28,83.72,1.0,4.81,13.93
8,2024,12.61,87.39,1.01,3.99,12.28
9,2014,11.43,88.57,0.7,3.1,9.73
9,2015,15.64,84.36,0.71,2.87,11.4
9,2016,14.65,85.35,0.72,3.45,11.24
9,2017,15.44,84.56,0.73,3.79,11.71
9,2018,12.99,87.01,0.74,2.91,10.51
9,2019,15.71,84.29,0.75,4.28,12.07
9,2020,15.76,84.24,0.76,4.87,12.32
9,2021,14.61,85.39,0.77,3.7,11.56
9,2022,16.36,83.64,0.78,4.98,12.7
9,2023,14.05,85.95,0.79,2.72,11.15
9,2024,14.2,85.8,0.8,4.66,11.85
10,2014,11.93,88.07,0.77,3.44,10.43
10,2015,11.56,88.44,0.78,2.33,10.01
10,2016,13.45,86.55,0.79,3.02,11.03
10,2017,10.55,89.45,0.8,2.95,9.91
10,2018,13.61,86.39,0.81,4.03,11.51
10,2019,16.33,83.67,0.82,4.44,12.79
10,2020,16.77,83.23,0.83,3.75,12.81
10,2021,13.67,86.33,0.84,4.19,11.76
10,2022,14.83,85.17,0.85,3.65,12.12
10,2023,7.88,92.12,0.86,1.6,8.79
10,2024,13.89,86.11,0.87,3.81,11.91
11,2014,14.09,85.91,0.66,4.97,11.08
11,2015,13.63,86.37,0.67,2.52,10.21
11,2016,15.58,84.42,0.67,4.87,11.74
11,2017,9.94,90.06,0.68,3.25,9.05
11,2018,8.5,91.5,0.69,1.4,7.97
11,2019,19.09,80.91,0.7,3.6,12.92
11,2020,10.83,89.17,0.71,2.28,9.27
11,2021,20.03,79.97,0.72,8.12,14.75
11,2022,13.94,86.06,0.73,3.15,10.87
11,2023,11.54,88.46,0.73,2.04,9.63
11,2024,14.28,85.72,0.74,5.48,11.81
12,2014,15.1,84.9,0.73,3.91,11.61
12,2015,13.01,86.99,0.74,4.21,10.92
12,2016,10.73,89.27,0.75,3.15,9.75
12,2017,15.71,84.29,0.76,4.22,12.11
12,2018,20.14,79.86,0.77,6.35,14.58
12,2019,17.63,82.37,0.78,4.25,13.01
12,2020,15.04,84.96,0.79,4.37,12.06
12,2021,17.77,82.23,0.8,4.34,13.2
12,2022,12.75,87.25,0.81,3.17,10.9
12,2023,13.96,86.04,0.82,4.49,11.83
12,2024,15.27,84.73,0.83,3.41,12.09
13,2014,15.57,84.43,0.75,5.78,12.47
13,2015,15.98,84.02,0.76,4.7,12.37
13,2016,14.08,85.92,0.77,4.11,11.49
13,2017,14.07,85.93,0.78,3.19,11.27
13,2018,11.65,88.35,0.79,2.49,10.15
13,2019,17.9,82.1,0.8,4.48,13.3
13,2020,9.6,90.4,0.81,3.37,9.71
13,2021,12.66,87.34,0.82,2.78,10.82
13,2022,14.18,85.82,0.83,3.97,11.83
13,2023,19.8,80.2,0.84,4.89,14.42
13,2024,16.68,83.32,0.85,3.48,12.8
14,2014,14.23,85.77,0.85,4.36,12.08
14,2015,13.52,86.48,0.86,3.86,11.71
14,2016,13.01,86.99,0.87,2.42,11.13
14,2017,18.58,81.42,0.88,5.86,14.46
14,2018,12.73,87.27,0.89,4.73,11.85
14,2019,15.0,85.0,0.9,4.64,12.79
14,2020,14.31,85.69,0.91,3.9,12.36
14,2021,17.75,82.25,0.92,4.32,13.92
14,2022,14.35,85.65,0.93,3.35,12.34
14,2023,16.98,83.02,0.94,5.25,14.02
14,2024,12.33,87.67,0.95,2.56,11.42
15,2014,15.92,84.08,1.27,3.59,15.06
15,2015,9.49,90.51,1.29,2.79,12.34
15,2016,13.65,86.35,1.3,3.38,14.28
15,2017,8.79,91.21,1.32,2.51,12.17
15,2018,13.05,86.95,1.33,3.78,14.36
15,2019,15.38,84.62,1.35,3.94,15.44
15,2020,11.4,88.6,1.37,2.13,13.4
15,2021,10.08,89.92,1.38,2.51,13.08
15,2022,13.01,86.99,1.4,3.36,14.6
15,2023,13.37,86.63,1.41,3.53,14.9
15,2024,16.75,83.25,1.43,3.4,16.31
16,2014,16.35,83.65,1.22,5.13,15.41
16,2015,15.96,84.04,1.24,4.09,15.04
16,2016,13.84,86.16,1.25,3.83,14.21
16,2017,13.5,86.5,1.27,2.33,13.71
16,2018,9.8,90.2,1.28,2.27,12.31
16,2019,14.28,85.72,1.3,4.8,14.95
16,2020,15.8,84.2,1.32,4.89,15.68
16,2021,10.6,89.4,1.33,4.11,13.46
16,2022,9.83,90.17,1.35,1.87,12.57
16,2023,14.12,85.88,1.36,5.2,15.38
16,2024,17.2,82.8,1.38,3.86,16.31
17,2014,18.84,81.16,1.32,4.11,16.67
17,2015,12.57,87.43,1.33,3.65,14.12
17,2016,15.77,84.23,1.35,4.23,15.67
17,2017,12.99,87.01,1.37,2.41,14.12
17,2018,10.96,89.04,1.38,2.1,13.31
17,2019,10.65,89.35,1.4,3.28,13.64
17,2020,12.76,87.24,1.42,2.68,14.41
17,2021,14.1,85.9,1.43,4.73,15.66
17,2022,15.68,84.32,1.45,3.35,15.98
17,2023,9.51,90.49,1.47,2.86,13.47
17,2024,16.87,83.13,1.48,3.68,16.76
18,2014,15.28,84.72,1.24,5.7,15.27
18,2015,13.66,86.34,1.26,3.77,14.14
18,2016,10.17,89.83,1.27,2.52,12.46
18,2017,7.93,92.07,1.29,1.8,11.44
18,2018,14.44,85.56,1.3,5.71,15.31
18,2019,15.86,84.14,1.32,2.95,15.15
18,2020,12.83,87.17,1.34,3.54,14.21
18,2021,8.33,91.67,1.35,2.28,12.12
18,2022,16.02,83.98,1.37,6.05,16.43
18,2023,14.64,85.36,1.38,3.64,15.25
18,2024,11.21,88.79,1.4,3.39,13.9
19,2014,15.56,84.44,1.3,5.36,15.62
19,2015,14.02,85.98,1.31,4.02,14.7
19,2016,17.16,82.84,1.33,4.59,16.22
19,2017,14.31,85.69,1.35,3.68,14.91
19,2018,19.51,80.49,1.36,5.3,17.57
19,2019,15.35,84.65,1.38,4.46,15.76
19,2020,15.27,84.73,1.4,3.42,15.51
19,2021,11.81,88.19,1.41,3.85,14.36
19,2022,15.88,84.12,1.43,3.62,16.02
19,2023,13.93,86.07,1.45,4.46,15.59
19,2024,18.14,81.86,1.46,6.46,17.97
20,2014,16.75,83.25,1.33,6.96,16.8
20,2015,15.85,84.15,1.35,5.11,15.98
20,2016,14.55,85.45,1.37,2.94,14.92
20,2017,13.29,86.71,1.39,3.93,14.81
20,2018,19.03,80.97,1.4,4.21,17.29
20,2019,14.69,85.31,1.42,4.35,15.7
20,2020,8.94,91.06,1.44,3.23,13.17
20,2021,15.84,84.16,1.45,5.92,16.84
20,2022,15.07,84.93,1.47,2.37,15.56
20,2023,13.96,86.04,1.49,3.72,15.63
20,2024,12.7,87.3,1.51,3.97,15.3
21,2014,14.98,85.02,1.28,5.17,15.21
21,2015,15.26,84.74,1.29,3.03,14.78
21,2016,12.11,87.89,1.31,2.5,13.46
21,2017,18.43,81.57,1.33,4.7,16.75
21,2018,11.89,88.11,1.34,2.82,13.66
21,2019,16.2,83.8,1.36,5.68,16.34
21,2020,16.97,83.03,1.38,4.68,16.45
21,2021,16.84,83.16,1.39,3.5,16.14
21,2022,15.83,84.17,1.41,3.87,15.95
21,2023,13.99,86.01,1.43,4.52,15.5
21,2024,13.46,86.54,1.44,3.28,15.02
22,2014,16.4,83.6,1.36,5.08,16.26
22,2015,16.54,83.46,1.38,6.57,16.87
22,2016,19.83,80.17,1.4,6.34,18.22
22,2017,14.03,85.97,1.42,3.93,15.28
22,2018,15.94,84.06,1.43,3.63,16.06
22,2019,12.64,87.36,1.45,2.87,14.62
22,2020,15.58,84.42,1.47,6.04,16.85
22,2021,15.09,84.91,1.48,3.83,16.09
22,2022,16.34,83.66,1.5,5.38,17.17
22,2023,15.42,84.58,1.52,4.06,16.5
22,2024,15.39,84.61,1.54,4.02,16.58
23,2014,20.6,79.4,0.61,7.09,14.03
23,2015,15.02,84.98,0.62,4.21,10.99
23,2016,12.17,87.83,0.63,4.29,9.91
23,2017,13.17,86.83,0.63,3.68,10.18
23,2018,14.93,85.07,0.64,5.44,11.45
23,2019,17.51,82.49,0.65,4.51,12.26
23,2020,15.19,84.81,0.66,4.34,11.33
23,2021,14.85,85.15,0.67,2.8,10.77
23,2022,15.34,84.66,0.67,3.94,11.36
23,2023,17.16,82.84,0.68,4.29,12.24
23,2024,10.39,89.61,0.69,3.92,9.47
24,2014,15.72,84.28,0.55,4.32,10.85
24,2015,11.53,88.47,0.55,2.31,8.62
24,2016,13.49,86.51,0.56,4.3,10.04
24,2017,14.84,85.16,0.57,4.44,10.66
24,2018,12.51,87.49,0.57,3.22,9.41
24,2019,15.96,84.04,0.58,3.45,10.9
24,2020,12.54,87.46,0.59,4.55,9.9
24,2021,16.73,83.27,0.59,5.08,11.78
24,2022,18.68,81.32,0.6,5.38,12.69
24,2023,11.55,88.45,0.61,2.33,8.97
24,2024,10.84,89.16,0.61,3.19,8.98
25,2014,20.75,79.25,0.49,4.73,12.65
25,2015,18.83,81.17,0.5,3.94,11.68
25,2016,17.13,82.87,0.5,4.93,11.34
25,2017,14.89,85.11,0.51,4.84,10.45
25,2018,12.45,87.55,0.51,2.43,8.79
25,2019,14.04,85.96,0.52,3.12,9.67
25,2020,13.22,86.78,0.53,2.55,9.21
25,2021,14.84,85.16,0.53,2.69,9.94
25,2022,15.76,84.24,0.54,3.53,10.6
25,2023,12.41,87.59,0.54,2.92,9.11
25,2024,12.27,87.73,0.55,3.29,9.2
26,2014,14.58,85.42,0.68,4.02,11.1
26,2015,12.67,87.33,0.69,4.17,10.43
26,2016,13.68,86.32,0.69,3.9,10.8
26,2017,10.6,89.4,0.7,2.53,9.22
26,2018,16.33,83.67,0.71,7.04,12.91
26,2019,17.97,82.03,0.72,4.08,12.73
26,2020,11.04,88.96,0.73,3.08,9.71
26,2021,6.57,93.43,0.74,1.32,7.45
26,2022,17.98,82.02,0.75,4.63,13.06
26,2023,14.2,85.8,0.75,3.72,11.32
26,2024,13.97,86.03,0.76,2.88,11.03
27,2014,15.06,84.94,0.73,3.46,11.46
27,2015,21.43,78.57,0.74,5.46,14.67
27,2016,17.97,82.03,0.75,5.66,13.4
27,2017,10.01,89.99,0.76,2.91,9.44
27,2018,15.24,84.76,0.77,3.56,11.79
27,2019,12.91,87.09,0.78,2.2,10.5
27,2020,12.11,87.89,0.79,3.93,10.76
27,2021,8.64,91.36,0.8,2.06,8.87
27,2022,11.26,88.74,0.81,3.1,10.28
27,2023,16.93,83.07,0.82,4.13,12.92
27,2024,14.59,85.41,0.83,3.86,11.95
28,2014,13.94,86.06,0.14,4.55,7.78
28,2015,13.51,86.49,0.14,2.58,7.03
28,2016,10.62,89.38,0.14,2.51,5.87
28,2017,11.95,88.05,0.15,2.66,6.45
28,2018,11.33,88.67,0.15,3.34,6.42
28,2019,18.29,81.71,0.15,5.64,9.91
28,2020,12.8,87.2,0.15,4.63,7.42
28,2021,15.24,84.76,0.15,4.65,8.41
28,2022,17.46,82.54,0.16,5.98,9.71
28,2023,19.58,80.42,0.16,7.62,11.06
28,2024,11.36,88.64,0.16,2.74,6.32
29,2014,14.38,85.62,0.09,2.23,6.99
29,2015,8.63,91.37,0.1,1.82,4.57
29,2016,12.15,87.85,0.1,2.06,6.05
29,2017,12.07,87.93,0.1,3.69,6.52
29,2018,13.64,86.36,0.1,2.96,6.93
29,2019,18.06,81.94,0.1,4.82,9.27
29,2020,19.82,80.18,0.1,3.56,9.6
29,2021,15.62,84.38,0.1,5.21,8.42
29,2022,15.06,84.94,0.1,4.35,7.95
29,2023,17.11,82.89,0.1,4.37,8.78
29,2024,18.0,82.0,0.11,5.53,9.49
30,2014,16.19,83.81,0.17,4.68,8.9
30,2015,8.37,91.63,0.17,2.14,5.02
30,2016,15.08,84.92,0.17,3.64,8.16
30,2017,11.25,88.75,0.18,4.04,6.77
30,2018,18.27,81.73,0.18,4.6,9.76
30,2019,14.21,85.79,0.18,4.54,8.13
30,2020,12.22,87.78,0.18,3.1,6.91
30,2021,14.1,85.9,0.18,3.7,7.86
30,2022,12.14,87.86,0.19,3.57,7.05
30,2023,12.22,87.78,0.19,2.25,6.69
30,2024,12.09,87.91,0.19,3.66,7.08
31,2014,12.01,87.99,0.8,4.05,10.81
31,2015,18.88,81.12,0.81,3.59,13.49
31,2016,12.32,87.68,0.82,2.78,10.68
31,2017,16.49,83.51,0.83,4.76,13.0
31,2018,15.67,84.33,0.84,5.09,12.83
31,2019,16.0,84.0,0.85,4.38,12.82
31,2020,13.68,86.32,0.86,5.2,12.19
31,2021,18.89,81.11,0.87,5.03,14.29
31,2022,17.12,82.88,0.88,5.28,13.72
31,2023,13.26,86.74,0.89,4.04,11.86
31,2024,12.08,87.92,0.9,2.69,11.05
32,2014,22.18,77.82,0.66,8.12,15.26
32,2015,17.74,82.26,0.67,4.94,12.57
32,2016,15.07,84.93,0.67,2.57,10.85
32,2017,14.03,85.97,0.68,4.83,11.16
32,2018,21.03,78.97,0.69,5.78,14.29
32,2019,11.25,88.75,0.7,2.26,9.38
32,2020,15.41,84.59,0.71,4.01,11.62
32,2021,9.48,90.52,0.72,3.54,9.16
32,2022,16.31,83.69,0.73,4.64,12.27
32,2023,14.12,85.88,0.73,3.67,11.15
32,2024,14.87,85.13,0.74,3.16,11.35
33,2014,18.68,81.32,0.64,5.99,13.11
33,2015,13.4,86.6,0.65,5.01,10.75
33,2016,9.43,90.57,0.66,2.8,8.55
33,2017,11.52,88.48,0.66,4.35,9.89
33,2018,7.99,92.01,0.67,2.01,7.83
33,2019,12.51,87.49,0.68,4.22,10.35
33,2020,14.03,85.97,0.69,4.34,11.04
33,2021,17.72,82.28,0.7,4.11,12.5
33,2022,14.27,85.73,0.7,2.36,10.64
33,2023,15.17,84.83,0.71,3.62,11.43
33,2024,13.91,86.09,0.72,5.3,11.48
34,2014,16.14,83.86,0.83,3.39,12.44
34,2015,21.32,78.68,0.84,8.14,16.0
34,2016,15.11,84.89,0.85,3.77,12.27
34,2017,14.7,85.3,0.86,3.73,12.15
34,2018,13.32,86.68,0.87,2.3,11.23
34,2019,12.23,87.77,0.88,4.5,11.52
34,2020,18.98,81.02,0.89,7.14,15.08
34,2021,18.73,81.27,0.9,5.11,14.43
34,2022,16.71,83.29,0.91,4.35,13.46
34,2023,15.19,84.81,0.92,5.69,13.32
34,2024,17.95,82.05,0.93,3.28,13.76
35,2014,12.16,87.84,1.17,3.14,12.85
35,2015,15.32,84.68,1.19,3.4,14.29
35,2016,16.44,83.56,1.21,2.84,14.66
35,2017,10.45,89.55,1.22,1.73,12.02
35,2018,16.33,83.67,1.23,4.87,15.4
35,2019,13.46,86.54,1.25,3.3,13.87
35,2020,10.06,89.94,1.27,2.01,12.22
35,2021,17.38,82.62,1.28,5.24,16.2
35,2022,10.94,89.06,1.29,3.2,13.1
35,2023,10.59,89.41,1.31,2.3,12.78
35,2024,17.89,82.11,1.33,7.54,17.37
36,2014,17.13,82.87,0.75,3.76,12.49
36,2015,15.24,84.76,0.76,3.78,11.8
36,2016,16.8,83.2,0.77,5.02,12.85
36,2017,10.6,89.4,0.78,3.41,9.95
36,2018,11.84,88.16,0.79,3.03,10.38
36,2019,11.17,88.83,0.8,2.75,10.09
36,2020,12.58,87.42,0.81,3.98,11.08
36,2021,18.54,81.46,0.82,5.72,14.05
36,2022,16.86,83.14,0.83,5.5,13.37
36,2023,10.65,89.35,0.84,2.1,9.92
36,2024,12.48,87.52,0.85,5.42,11.71
37,2014,21.38,78.62,0.56,6.34,13.84
37,2015,20.28,79.72,0.57,5.31,13.13
37,2016,11.66,88.34,0.58,3.05,9.05
37,2017,16.09,83.91,0.59,4.65,11.34
37,2018,17.51,82.49,0.59,4.24,11.83
37,2019,12.45,87.55,0.6,3.11,9.52
37,2020,10.37,89.63,0.61,2.33,8.49
37,2021,16.93,83.07,0.61,3.08,11.38
37,2022,12.21,87.79,0.62,2.96,9.5
37,2023,10.66,89.34,0.63,2.33,8.74
37,2024,14.79,85.21,0.64,5.36,11.34
38,2014,21.99,78.01,0.38,7.44,13.29
38,2015,11.1,88.9,0.38,3.5,7.77
38,2016,13.78,86.22,0.39,4.08,9.05
38,2017,15.63,84.37,0.39,3.59,9.67
38,2018,17.59,82.41,0.4,4.44,10.74
38,2019,12.55,87.45,0.4,5.79,9.16
38,2020,13.82,86.18,0.4,4.84,9.41
38,2021,14.82,85.18,0.41,3.99,9.58
38,2022,13.4,86.6,0.41,3.01,8.75
38,2023,17.58,82.42,0.42,5.22,11.11
38,2024,11.52,88.48,0.42,3.6,8.23
39,2014,16.3,83.7,0.8,4.38,12.63
39,2015,12.57,87.43,0.81,2.68,10.69
39,2016,9.99,90.01,0.82,2.95,9.8
39,2017,12.17,87.83,0.83,1.99,10.44
39,2018,12.82,87.18,0.84,4.23,11.44
39,2019,17.46,82.54,0.85,6.64,14.08
39,2020,15.39,84.61,0.86,5.83,13.07
39,2021,11.22,88.78,0.87,2.64,10.5
39,2022,10.67,89.33,0.88,2.83,10.4
39,2023,13.82,86.18,0.89,3.69,11.98
39,2024,11.74,88.26,0.9,2.69,10.91
40,2014,19.98,80.02,1.03,5.61,15.88
40,2015,14.56,85.44,1.05,4.77,13.54
40,2016,11.01,88.99,1.06,4.94,12.25
40,2017,15.0,85.0,1.07,4.47,13.78
40,2018,15.96,84.04,1.09,3.98,14.1
40,2019,17.12,82.88,1.1,6.49,15.4
40,2020,18.27,81.73,1.11,4.4,15.31
40,2021,17.68,82.32,1.13,5.16,15.38
40,2022,11.92,88.08,1.14,2.18,12.26
40,2023,9.7,90.3,1.15,2.9,11.67
40,2024,15.89,84.11,1.17,4.25,14.63
41,2014,9.47,90.53,0.77,2.43,9.14
41,2015,12.3,87.7,0.78,3.06,10.52
41,2016,18.18,81.82,0.79,4.05,13.23
41,2017,16.2,83.8,0.8,4.69,12.69
41,2018,11.46,88.54,0.81,4.28,10.73
41,2019,10.84,89.16,0.82,2.06,9.87
41,2020,13.64,86.36,0.83,3.09,11.36
41,2021,18.39,81.61,0.84,5.03,13.9
41,2022,14.52,85.48,0.85,3.45,11.94
41,2023,19.59,80.41,0.86,5.69,14.7
41,2024,17.08,82.92,0.87,3.73,13.17
42,2014,14.59,85.41,0.89,3.2,12.15
42,2015,13.66,86.34,0.9,2.84,11.74
42,2016,12.66,87.34,0.92,3.78,11.69
42,2017,15.0,85.0,0.93,3.63,12.65
42,2018,12.45,87.55,0.94,3.75,11.74
42,2019,8.65,91.35,0.95,2.05,9.77
42,2020,14.75,85.25,0.96,4.24,12.94
42,2021,16.65,83.35,0.97,3.29,13.48
42,2022,16.31,83.69,0.98,3.9,13.6
42,2023,11.09,88.91,1.0,2.47,11.15
42,2024,15.01,84.99,1.01,4.55,13.41
43,2014,16.57,83.43,1.11,4.5,14.63
43,2015,16.31,83.69,1.12,4.26,14.54
43,2016,12.52,87.48,1.14,3.24,12.81
43,2017,18.17,81.83,1.15,3.89,15.34
43,2018,13.0,87.0,1.17,4.98,13.69
43,2019,12.88,87.12,1.18,2.66,13.03
43,2020,15.05,84.95,1.19,5.2,14.74
43,2021,9.27,90.73,1.21,1.85,11.51
43,2022,13.53,86.47,1.22,4.67,14.15
43,2023,18.31,81.69,1.24,5.02,16.25
43,2024,19.09,80.91,1.25,3.42,16.17
44,2014,15.27,84.73,0.86,6.29,13.18
44,2015,12.55,87.45,0.88,3.84,11.43
44,2016,13.18,86.82,0.89,3.55,11.66
44,2017,10.46,89.54,0.9,3.08,10.5
44,2018,14.78,85.22,0.91,3.64,12.46
44,2019,15.71,84.29,0.92,7.46,14.04
44,2020,17.83,82.17,0.93,4.79,14.16
44,2021,11.13,88.87,0.94,2.73,10.92
44,2022,16.29,83.71,0.95,4.19,13.49
44,2023,15.49,84.51,0.96,2.97,12.87
44,2024,13.26,86.74,0.98,3.99,12.35
45,2014,14.97,85.03,0.73,3.99,11.58
45,2015,11.86,88.14,0.74,3.08,10.12
45,2016,10.69,89.31,0.75,1.92,9.36
45,2017,8.94,91.06,0.76,1.77,8.68
45,2018,16.37,83.63,0.77,4.32,12.47
45,2019,12.82,87.18,0.78,3.63,10.89
45,2020,17.06,82.94,0.79,2.95,12.45
45,2021,13.07,86.93,0.8,3.08,10.95
45,2022,15.77,84.23,0.81,4.42,12.48
45,2023,11.85,88.15,0.82,4.58,11.02
45,2024,16.45,83.55,0.83,4.86,13.0
46,2014,14.27,85.73,0.81,3.3,11.55
46,2015,14.31,85.69,0.82,4.23,11.9
46,2016,11.02,88.98,0.83,2.18,10.04
46,2017,13.29,86.71,0.84,3.56,11.42
46,2018,11.41,88.59,0.85,2.33,10.36
46,2019,12.18,87.82,0.86,2.81,10.88
46,2020,14.68,85.32,0.87,3.2,12.05
46,2021,19.75,80.25,0.88,6.74,15.2
46,2022,11.89,88.11,0.89,4.1,11.33
46,2023,17.03,82.97,0.9,4.86,13.68
46,2024,13.83,86.17,0.91,4.32,12.3
47,2014,17.01,82.99,0.56,6.17,12.04
47,2015,15.67,84.33,0.57,4.36,11.0
47,2016,9.76,90.24,0.58,3.08,8.3
47,2017,10.75,89.25,0.59,2.95,8.7
47,2018,18.42,81.58,0.59,5.54,12.59
47,2019,16.99,83.01,0.6,5.43,12.03
47,2020,17.0,83.0,0.61,3.79,11.58
47,2021,16.9,83.1,0.61,3.02,11.35
47,2022,8.44,91.56,0.62,1.56,7.57
47,2023,12.73,87.27,0.63,3.22,9.83
47,2024,10.65,89.35,0.64,4.28,9.36
48,2014,15.34,84.66,0.52,4.0,10.44
48,2015,12.78,87.22,0.52,5.09,9.78
48,2016,15.18,84.82,0.53,2.99,10.15
48,2017,13.22,86.78,0.54,2.54,9.27
48,2018,9.5,90.5,0.54,3.25,8.04
48,2019,17.35,82.65,0.55,6.02,12.04
48,2020,17.41,82.59,0.56,3.93,11.49
48,2021,14.57,85.43,0.56,3.82,10.36
48,2022,11.6,88.4,0.57,3.08,8.98
48,2023,11.52,88.48,0.58,3.12,9.0
48,2024,12.78,87.22,0.58,2.83,9.46
49,2014,16.2,83.8,0.55,5.29,11.34
49,2015,12.71,87.29,0.55,2.27,9.08
49,2016,14.02,85.98,0.56,4.48,10.31
49,2017,16.87,83.13,0.57,3.41,11.17
49,2018,11.62,88.38,0.57,3.09,9.01
49,2019,12.01,87.99,0.58,2.57,9.05
49,2020,14.93,85.07,0.59,3.8,10.63
49,2021,19.65,80.35,0.59,4.55,12.79
49,2022,16.18,83.82,0.6,6.38,11.99
49,2023,9.6,90.4,0.61,2.32,8.18
49,2024,18.07,81.93,0.61,4.4,12.24
50,2014,16.06,83.94,0.85,4.45,12.84
50,2015,11.33,88.67,0.86,2.95,10.56
50,2016,19.7,80.3,0.87,4.88,14.55
50,2017,18.04,81.96,0.88,4.22,13.75
50,2018,16.18,83.82,0.89,2.93,12.69
50,2019,14.67,85.33,0.9,4.48,12.61
50,2020,13.59,86.41,0.91,3.15,11.84
50,2021,13.96,86.04,0.92,3.37,12.12
50,2022,15.99,84.01,0.93,4.5,13.34
50,2023,12.14,87.86,0.94,2.27,11.19
50,2024,13.66,86.34,0.95,3.12,12.13
51,2014,14.02,85.98,0.8,4.4,11.72
51,2015,14.66,85.34,0.81,3.72,11.83
51,2016,16.31,83.69,0.82,4.7,12.85
51,2017,11.6,88.4,0.83,3.64,10.71
51,2018,14.18,85.82,0.84,5.6,12.39
51,2019,19.26,80.74,0.85,2.26,13.48
51,2020,17.13,82.87,0.86,6.32,13.91
51,2021,11.37,88.63,0.87,3.34,10.77
51,2022,12.49,87.51,0.88,3.47,11.32
51,2023,10.4,89.6,0.89,2.91,10.38
51,2024,16.9,83.1,0.9,4.6,13.54
52,2014,12.36,87.64,0.86,2.91,11.01
52,2015,14.78,85.22,0.88,3.1,12.1
52,2016,9.96,90.04,0.89,2.9,10.18
52,2017,13.8,86.2,0.9,4.21,12.17
52,2018,12.33,87.67,0.91,3.04,11.3
52,2019,17.83,82.17,0.92,5.01,14.15
52,2020,16.54,83.46,0.93,4.52,13.56
52,2021,13.05,86.95,0.94,3.67,11.97
52,2022,13.68,86.32,0.95,3.72,12.31
52,2023,10.4,89.6,0.96,3.02,10.85
52,2024,11.07,88.93,0.98,3.45,11.31
53,2014,15.29,84.71,1.36,3.69,15.4
53,2015,15.38,84.62,1.38,5.32,16.03
53,2016,15.74,84.26,1.4,4.74,16.11
53,2017,10.82,89.18,1.42,2.22,13.48
53,2018,14.61,85.39,1.43,3.84,15.59
53,2019,16.72,83.28,1.45,3.83,16.54
53,2020,12.83,87.17,1.47,3.68,15.04
53,2021,19.96,80.04,1.48,8.79,19.53
53,2022,11.54,88.46,1.5,2.52,14.38
53,2023,13.8,86.2,1.52,4.4,15.96
53,2024,13.47,86.53,1.54,3.81,15.75
54,2014,14.46,85.54,1.27,2.84,14.25
54,2015,18.13,81.87,1.29,5.71,16.68
54,2016,17.07,82.93,1.3,3.86,15.8
54,2017,18.93,81.07,1.32,4.98,16.97
54,2018,10.85,89.15,1.33,2.55,13.11
54,2019,16.1,83.9,1.35,4.06,15.76
54,2020,15.34,84.66,1.37,3.02,15.24
54,2021,10.1,89.9,1.38,1.98,12.93
54,2022,16.12,83.88,1.4,6.63,16.83
54,2023,13.67,86.33,1.41,4.91,15.43
54,2024,16.4,83.6,1.43,5.97,16.94
55,2014,16.27,83.73,1.32,5.46,16.04
55,2015,15.39,84.61,1.33,3.79,15.29
55,2016,17.67,82.33,1.35,5.72,16.88
55,2017,19.43,80.57,1.37,5.13,17.51
55,2018,13.49,86.51,1.38,4.63,15.08
55,2019,12.26,87.74,1.4,2.36,14.01
55,2020,11.53,88.47,1.42,2.46,13.85
55,2021,18.8,81.2,1.43,5.66,17.82
55,2022,12.52,87.48,1.45,3.64,14.8
55,2023,14.25,85.75,1.47,3.83,15.65
55,2024,11.77,88.23,1.48,2.65,14.41
56,2014,17.59,82.41,1.3,5.65,16.51
56,2015,17.56,82.44,1.31,5.17,16.46
56,2016,13.95,86.05,1.33,2.38,14.28
56,2017,19.54,80.46,1.35,5.23,17.47
56,2018,14.31,85.69,1.36,4.85,15.36
56,2019,13.42,86.58,1.38,3.66,14.75
56,2020,14.12,85.88,1.4,3.66,15.13
56,2021,16.46,83.54,1.41,6.07,16.88
56,2022,14.31,85.69,1.43,3.51,15.35
56,2023,10.11,89.89,1.45,1.98,13.32
56,2024,10.89,89.11,1.46,2.46,13.87
57,2014,17.97,82.03,1.22,4.83,15.97
57,2015,15.01,84.99,1.24,3.88,14.6
57,2016,17.42,82.58,1.25,5.21,16.05
57,2017,9.49,90.51,1.27,2.83,12.26
57,2018,13.32,86.68,1.28,3.5,14.09
57,2019,17.82,82.18,1.3,3.17,15.88
57,2020,14.93,85.07,1.32,4.46,15.2
57,2021,13.41,86.59,1.33,2.44,14.08
57,2022,13.07,86.93,1.35,3.59,14.39
57,2023,12.39,87.61,1.36,2.96,14.02
57,2024,10.34,89.66,1.38,2.25,13.08
58,2014,17.41,82.59,1.17,4.92,15.49
58,2015,8.46,91.54,1.19,1.98,11.12
58,2016,13.1,86.9,1.21,4.57,13.84
58,2017,13.87,86.13,1.22,3.66,13.96
58,2018,13.21,86.79,1.23,2.78,13.53
58,2019,17.55,82.45,1.25,4.39,15.84
58,2020,14.55,85.45,1.27,3.23,14.38
58,2021,17.04,82.96,1.28,5.17,16.05
58,2022,16.92,83.08,1.29,5.99,16.33
58,2023,14.22,85.78,1.31,4.85,15.0
58,2024,19.91,80.09,1.33,5.27,17.49
59,2014,15.58,84.42,0.42,4.71,10.18
59,2015,16.91,83.09,0.43,3.34,10.34
59,2016,14.41,85.59,0.43,3.98,9.56
59,2017,16.66,83.34,0.44,3.99,10.5
59,2018,15.74,84.26,0.44,3.3,9.95
59,2019,15.84,84.16,0.45,4.43,10.36
59,2020,12.93,87.07,0.46,3.11,8.84
59,2021,13.35,86.65,0.46,5.4,9.72
59,2022,17.94,82.06,0.47,5.21,11.54
59,2023,11.12,88.88,0.47,3.48,8.32
59,2024,13.33,86.67,0.48,4.56,9.56
60,2014,15.79,84.21,0.38,3.65,9.67
60,2015,11.09,88.91,0.38,2.62,7.51
60,2016,14.94,85.06,0.39,4.94,9.77
60,2017,13.89,86.11,0.39,4.67,9.3
60,2018,14.02,85.98,0.4,2.93,8.86
60,2019,11.78,88.22,0.4,2.66,7.91
60,2020,14.19,85.81,0.4,2.69,8.91
60,2021,20.79,79.21,0.41,6.57,12.74
60,2022,13.74,86.26,0.41,3.66,9.08
60,2023,15.06,84.94,0.42,4.96,10.03
60,2024,12.79,87.21,0.42,4.94,9.14
61,2014,19.18,80.82,0.36,5.0,11.32
61,2015,15.65,84.35,0.36,6.21,10.29
61,2016,14.12,85.88,0.37,2.8,8.69
61,2017,9.61,90.39,0.37,2.72,6.89
61,2018,16.95,83.05,0.38,3.44,10.06
61,2019,14.71,85.29,0.38,3.03,9.07
61,2020,10.74,89.26,0.38,3.47,7.64
61,2021,15.8,84.2,0.39,4.18,9.91
61,2022,11.49,88.51,0.39,4.13,8.2
61,2023,7.99,92.01,0.4,2.15,6.23
61,2024,17.73,82.27,0.4,4.75,10.94
62,2014,15.62,84.38,0.52,4.96,10.84
62,2015,15.8,84.2,0.52,3.5,10.51
62,2016,15.16,84.84,0.53,4.38,10.56
62,2017,10.08,89.92,0.54,2.97,8.14
62,2018,18.06,81.94,0.54,5.8,12.23
62,2019,17.85,82.15,0.55,2.76,11.27
62,2020,13.61,86.39,0.56,4.98,10.28
62,2021,14.03,85.97,0.56,4.78,10.42
62,2022,20.96,79.04,0.57,8.81,14.45
62,2023,14.57,85.43,0.58,4.03,10.5
62,2024,10.51,89.49,0.58,2.47,8.44
63,2014,11.21,88.79,0.55,4.02,8.96
63,2015,17.26,82.74,0.55,5.17,11.77
63,2016,13.67,86.33,0.56,3.14,9.76
63,2017,14.42,85.58,0.57,4.65,10.56
63,2018,18.98,81.02,0.57,5.56,12.7
63,2019,12.34,87.66,0.58,2.87,9.28
63,2020,16.51,83.49,0.59,4.67,11.53
63,2021,18.93,81.07,0.59,5.75,12.86
63,2022,15.71,84.29,0.6,2.12,10.52
63,2023,12.89,87.11,0.61,4.33,10.11
63,2024,15.24,84.76,0.61,3.91,10.96
64,2014,14.91,85.09,0.68,4.32,11.32
64,2015,13.47,86.53,0.69,4.9,10.97
64,2016,10.01,89.99,0.69,1.75,8.69
64,2017,17.52,82.48,0.7,5.33,12.82
64,2018,14.8,85.2,0.71,5.13,11.73
64,2019,16.37,83.63,0.72,4.06,12.09
64,2020,9.57,90.43,0.73,2.6,8.98
64,2021,13.07,86.93,0.74,4.28,10.94
64,2022,17.34,82.66,0.75,4.04,12.62
64,2023,15.69,84.31,0.75,3.87,11.96
64,2024,8.56,91.44,0.76,1.48,8.45
65,2014,12.6,87.4,0.64,2.99,9.78
65,2015,13.81,86.19,0.65,3.29,10.4
65,2016,15.02,84.98,0.66,3.39,10.96
65,2017,15.44,84.56,0.66,4.41,11.48
65,2018,14.34,85.66,0.67,4.15,11.01
65,2019,12.41,87.59,0.68,2.6,9.82
65,2020,12.4,87.6,0.69,3.38,10.1
65,2021,13.47,86.53,0.7,3.82,10.71
65,2022,11.68,88.32,0.7,3.9,10.07
65,2023,15.43,84.57,0.71,5.12,11.98
65,2024,16.14,83.86,0.72,3.69,11.89
66,2014,10.65,89.35,0.56,3.49,8.69
66,2015,12.41,87.59,0.57,4.83,9.84
66,2016,13.5,86.5,0.58,3.68,9.97
66,2017,17.87,82.13,0.59,6.65,12.66
66,2018,7.94,92.06,0.59,1.66,7.23
66,2019,20.45,79.55,0.6,5.54,13.44
66,2020,13.81,86.19,0.61,3.13,10.11
66,2021,12.48,87.52,0.61,2.99,9.57
66,2022,10.98,89.02,0.62,2.91,9.0
66,2023,11.53,88.47,0.63,2.22,9.05
66,2024,15.67,84.33,0.64,3.99,11.28
67,2014,17.61,82.39,0.66,3.55,12.06
67,2015,15.55,84.45,0.67,4.4,11.54
67,2016,19.48,80.52,0.67,6.43,13.77
67,2017,12.47,87.53,0.68,2.73,9.9
67,2018,13.79,86.21,0.69,3.17,10.61
67,2019,13.69,86.31,0.7,3.2,10.63
67,2020,14.04,85.96,0.71,5.33,11.46
67,2021,16.56,83.44,0.72,4.89,12.39
67,2022,10.46,89.54,0.73,2.15,9.18
67,2023,13.58,86.42,0.73,3.99,11.03
67,2024,15.34,84.66,0.74,5.78,12.32
68,2014,14.53,85.47,0.89,4.46,12.51
68,2015,14.03,85.97,0.9,5.62,12.73
68,2016,13.15,86.85,0.92,2.72,11.57
68,2017,15.67,84.33,0.93,4.02,13.03
68,2018,13.53,86.47,0.94,3.56,12.11
68,2019,18.74,81.26,0.95,4.85,14.65
68,2020,11.1,88.9,0.96,3.25,11.18
68,2021,19.39,80.61,0.97,5.86,15.35
68,2022,16.68,83.32,0.98,3.13,13.52
68,2023,13.52,86.48,1.0,2.8,12.22
68,2024,15.97,84.03,1.01,4.29,13.72
69,2014,13.73,86.27,0.45,2.69,9.0
69,2015,17.4,82.6,0.46,8.15,12.15
69,2016,8.72,91.28,0.46,1.84,6.82
69,2017,10.67,89.33,0.47,1.8,7.62
69,2018,12.61,87.39,0.47,3.66,8.99
69,2019,11.56,88.44,0.48,2.61,8.29
69,2020,18.8,81.2,0.49,4.88,11.9
69,2021,15.59,84.41,0.49,3.95,10.37
69,2022,19.42,80.58,0.5,4.25,12.03
69,2023,11.0,89.0,0.5,2.67,8.22
69,2024,11.51,88.49,0.51,3.67,8.76
70,2014,12.14,87.86,0.49,4.11,9.02
70,2015,12.29,87.71,0.5,3.5,8.94
70,2016,14.97,85.03,0.5,2.66,9.79
70,2017,13.08,86.92,0.51,3.32,9.28
70,2018,12.32,87.68,0.51,2.7,8.82
70,2019,14.57,85.43,0.52,3.44,9.98
70,2020,14.89,85.11,0.53,4.12,10.35
70,2021,15.93,84.07,0.53,6.93,11.65
70,2022,16.26,83.74,0.54,3.28,10.72
70,2023,14.26,85.74,0.54,5.48,10.62
70,2024,11.92,88.08,0.55,3.25,9.05
71,2014,13.58,86.42,0.38,2.99,8.58
71,2015,17.31,82.69,0.38,6.0,11.01
71,2016,11.02,88.98,0.39,2.86,7.58
71,2017,20.55,79.45,0.39,6.42,12.49
71,2018,14.15,85.85,0.4,2.5,8.78
71,2019,11.92,88.08,0.4,3.22,8.13
71,2020,18.05,81.95,0.4,4.07,10.87
71,2021,14.22,85.78,0.41,4.51,9.5
71,2022,12.72,87.28,0.41,3.92,8.75
71,2023,16.75,83.25,0.42,4.47,10.56
71,2024,11.79,88.21,0.42,3.41,8.28
72,2014,12.92,87.08,0.55,4.49,9.79
72,2015,14.87,85.13,0.55,3.53,10.32
72,2016,18.22,81.78,0.56,6.09,12.47
72,2017,15.84,84.16,0.57,5.23,11.3
72,2018,16.06,83.94,0.57,4.87,11.32
72,2019,11.44,88.56,0.58,1.99,8.65
72,2020,18.79,81.21,0.59,5.21,12.6
72,2021,18.68,81.32,0.59,5.16,12.58
72,2022,15.47,84.53,0.6,3.14,10.74
72,2023,9.41,90.59,0.61,2.78,8.24
72,2024,13.82,86.18,0.61,3.39,10.24
73,2014,14.51,85.49,0.52,4.84,10.36
73,2015,12.5,87.5,0.52,3.95,9.33
73,2016,12.39,87.61,0.53,3.96,9.32
73,2017,11.74,88.26,0.54,3.9,9.09
73,2018,15.17,84.83,0.54,4.44,10.66
73,2019,9.39,90.61,0.55,2.2,7.71
73,2020,10.26,89.74,0.56,2.53,8.2
73,2021,14.34,85.66,0.56,2.75,9.94
73,2022,15.53,84.47,0.57,4.35,10.94
73,2023,11.69,88.31,0.58,3.91,9.31
73,2024,14.89,85.11,0.58,5.5,11.1
74,2014,15.15,84.85,0.58,4.39,10.87
74,2015,13.72,86.28,0.59,3.9,10.2
74,2016,15.86,84.14,0.6,5.02,11.44
74,2017,10.88,89.12,0.61,3.96,9.17
74,2018,13.63,86.37,0.61,3.0,10.03
74,2019,19.06,80.94,0.62,5.87,13.1
74,2020,13.28,86.72,0.63,3.32,10.07
74,2021,12.48,87.52,0.63,3.05,9.71
74,2022,17.23,82.77,0.64,3.25,11.72
74,2023,12.3,87.7,0.65,3.24,9.79
74,2024,18.41,81.59,0.66,5.13,12.84
75,2014,16.42,83.58,0.61,4.43,11.56
75,2015,14.04,85.96,0.62,4.31,10.62
75,2016,15.09,84.91,0.63,4.19,11.05
75,2017,14.19,85.81,0.63,4.92,10.96
75,2018,12.55,87.45,0.64,2.46,9.61
75,2019,15.27,84.73,0.65,4.84,11.46
75,2020,11.32,88.68,0.66,3.81,9.62
75,2021,16.03,83.97,0.67,6.13,12.25
75,2022,11.05,88.95,0.67,2.11,9.09
75,2023,15.68,84.32,0.68,3.28,11.34
75,2024,19.85,80.15,0.69,5.88,13.84
76,2014,13.55,86.45,1.41,3.26,14.86
76,2015,7.13,92.87,1.43,1.7,11.93
76,2016,13.0,87.0,1.45,3.7,14.99
76,2017,12.18,87.82,1.46,2.59,14.43
76,2018,8.93,91.07,1.48,2.2,13.13
76,2019,15.42,84.58,1.5,4.57,16.54
76,2020,16.45,83.55,1.52,4.44,17.02
76,2021,14.27,85.73,1.54,3.38,15.94
76,2022,10.79,89.21,1.55,2.76,14.47
76,2023,18.66,81.34,1.57,4.52,18.25
76,2024,15.03,84.97,1.59,4.52,16.91
77,2014,14.15,85.85,1.46,3.83,15.55
77,2015,12.08,87.92,1.48,2.49,14.43
77,2016,14.16,85.84,1.49,4.63,16.02
77,2017,13.24,86.76,1.51,3.93,15.55
77,2018,14.07,85.93,1.53,2.78,15.65
77,2019,14.81,85.19,1.55,3.37,16.24
77,2020,13.32,86.68,1.57,4.74,16.16
77,2021,9.78,90.22,1.59,3.15,14.38
77,2022,9.27,90.73,1.61,3.02,14.25
77,2023,10.83,89.17,1.62,2.84,14.93
77,2024,13.86,86.14,1.64,4.54,16.76
