id,name,province,region,latitude,longitude,population,area_sq_km
1,Taplejung,Koshi,Mountain,27.3333,87.6167,132000,3708.00
2,Panchthar,Koshi,Mountain,27.2333,87.9333,222000,2452.00
3,Ilam,Koshi,Hill,26.7333,86.9333,299000,1937.00
4,Jhapa,Koshi,Terai,26.6333,88.0667,811000,2523.00
5,Morang,Koshi,Terai,26.5667,87.3333,968000,2513.00
6,Sunsari,Koshi,Terai,26.7167,87.1667,532000,2066.00
7,Dhankuta,Koshi,Hill,26.9833,87.0333,227000,1506.00
8,Sankhuwasabha,Koshi,Mountain,28.0333,87.1667,67000,3119.00
9,Bhojpur,Koshi,Hill,27.2167,87.1500,183000,3129.00
10,Okhaldhunga,Koshi,Hill,27.2833,86.7500,195000,2003.00
11,Khotang,Koshi,Hill,27.3167,86.6000,164000,2714.00
12,Solukhumbu,Koshi,Mountain,27.6167,86.6667,102000,3640.00
13,Udayapur,Koshi,Hill,27.2167,86.8167,219000,2263.00
14,Saptari,Madhesh,Terai,26.6833,86.5333,811000,1231.00
15,Siraha,Madhesh,Terai,26.6333,86.0167,612000,1368.00
16,Mahottari,Madhesh,Terai,26.8500,85.7500,525000,852.00
17,Dhading,Bagmati,Hill,28.0333,84.7500,253000,2138.00
18,Gorkha,Bagmati,Hill,28.1167,84.8833,203000,1926.00
19,Manang,Bagmati,Mountain,28.6333,84.0333,32000,4136.00
20,Narayani,Bagmati,Terai,27.5833,84.0500,642000,2282.00
21,Kathmandu,Bagmati,Hill,27.7172,85.3240,1200000,899.25
22,Lalitpur,Bagmati,Hill,27.6333,85.2983,441000,385.20
23,Bhaktapur,Bagmati,Hill,27.6519,85.3897,266000,119.36
24,Chitwan,Bagmati,Terai,27.5333,84.2833,653000,1339.00
25,Parbat,Bagmati,Hill,27.9333,83.9167,223000,1219.00
26,Kaski,Bagmati,Hill,28.2000,83.9667,344000,2349.00
27,Mustang,Bagmati,Mountain,28.7667,83.4667,115000,3029.00
28,Myagdi,Bagmati,Hill,28.6500,83.6333,145000,2258.00
29,Pokhara,Bagmati,Hill,28.2000,83.9667,384000,2376.00
30,Baglung,Bagmati,Hill,28.2667,83.6500,236000,1898.00
31,Syangja,Gandaki,Hill,28.0333,83.8333,319000,2311.00
32,Rolpa,Lumbini,Hill,28.0167,82.7000,149000,1224.00
33,Pyuthan,Lumbini,Hill,28.0167,83.0167,224000,1794.00
34,Kapilbastu,Lumbini,Terai,27.4333,82.8833,574000,1741.00
35,Rupandehi,Lumbini,Terai,27.6167,83.1167,869000,1476.00
36,Palpa,Lumbini,Hill,27.7167,83.0833,209000,1279.00
37,Bara,Madhesh,Terai,27.2500,83.9500,662000,1072.00
38,Rautahat,Madhesh,Terai,26.7667,85.9667,720000,1290.00
39,Parsa,Madhesh,Terai,27.1333,84.3500,630000,1449.00
40,Dhanusha,Madhesh,Terai,26.7289,85.9177,693000,2430.00
41,Kailali,Sudurpashchim,Terai,28.6667,80.7500,799000,3135.00
42,Kanchanpur,Sudurpashchim,Terai,28.7667,80.2667,553000,2346.00
43,Doti,Sudurpashchim,Hill,29.2000,80.8333,220000,2177.00
44,Darchula,Sudurpashchim,Mountain,29.4667,80.2833,115000,2224.00
45,Bajhang,Sudurpashchim,Hill,29.5000,81.0000,171000,1839.00
46,Bajura,Sudurpashchim,Hill,29.5500,81.1667,100000,2067.00
47,Diyalghadh,Bagmati,Hill,27.9833,85.3167,45000,405.00)
48,Humla,Karnali,Mountain,29.7000,81.6000,55000,4673.00
49,Mugu,Karnali,Mountain,29.5000,81.8333,125000,5546.00
50,Jumla,Karnali,Hill,29.2667,82.1667,121000,2274.00
51,Dolpa,Karnali,Mountain,29.3000,83.0000,37000,2831.00
52,Dolakha,Bagmati,Hill,28.1167,85.4167,173000,1834.00
53,Ramechhap,Bagmati,Hill,27.4833,85.9500,169000,2522.00
54,Sindhupalchok,Bagmati,Hill,28.0333,85.2500,238000,2955.00
55,Kavrepalanchok,Bagmati,Hill,27.8000,85.2833,591000,1860.00
56,Chitwan2,Bagmati,Terai,27.5333,84.2833,756000,1339.00
57,Shivali,Bagmati,Hill,28.1833,84.4500,196000,1889.00
58,Gorkha2,Bagmati,Hill,28.1000,84.3000,125000,2329.00
59,Nuwakot2,Bagmati,Hill,28.1667,84.8500,212000,2618.00
60,Rasuwa,Bagmati,Mountain,28.0333,85.0333,92000,1893.00
61,Kathmandu2,Bagmati,Hill,27.7172,85.3240,1236000,899.25
62,Lalitpur2,Bagmati,Hill,27.6333,85.2983,448000,385.20
63,Bhaktapur2,Bagmati,Hill,27.6519,85.3897,280000,119.36
64,Kaski2,Gandaki,Hill,28.2000,83.9667,335000,2349.00
65,Pokhara2,Gandaki,Hill,28.2000,83.9667,384000,2376.00
66,Myagdi2,Gandaki,Hill,28.6500,83.6333,155000,2258.00
67,Baglung2,Gandaki,Hill,28.2667,83.6500,240000,1898.00
68,Gorkha3,Gandaki,Hill,28.1000,84.3000,135000,1926.00
69,Lamachaur,Gandaki,Hill,28.2833,83.9833,48000,512.00)
70,Baitadi,Sudurpashchim,Hill,29.4167,80.5667,166000,2064.00
71,Kailali2,Sudurpashchim,Terai,28.6667,80.7500,751000,3135.00
72,Kanchanpur2,Sudurpashchim,Terai,28.7667,80.2667,528000,2346.00
73,Sarlahi,Madhesh,Terai,27.3667,85.4333,628000,1224.00
74,Dhanusha2,Madhesh,Terai,26.7289,85.9177,693000,2430.00
75,Maharajgunj,Madhesh,Terai,26.5833,86.2500,572000,917.00
76,Jalaripati,Bagmati,Hill,27.7500,85.2833,420000,749.00)
77,Nuwakot3,Bagmati,Hill,28.0000,85.1000,200000,2400.00
